{"cameraMode":{"drawMode":0,"name":"Shaded","section":"Shading Mode"},"sceneLighting":true,"audioPlay":false,"sceneViewState":{"showFog":true,"showMaterialUpdate":true,"showSkybox":true,"showFlares":true,"showImageEffects":true,"showParticleSystems":true},"in2DMode":false,"pivot":{"x":-2.3053903579711916,"y":2.1435890197753908,"z":7.635756969451904},"rotation":{"x":-0.2713949978351593,"y":0.656006932258606,"z":-0.27450624108314516,"w":-0.6485722661018372},"size":17.639690399169923,"orthographic":false}