{"cameraMode":{"drawMode":0,"name":"Shaded","section":"Shading Mode"},"sceneLighting":true,"audioPlay":false,"sceneViewState":{"showFog":true,"showMaterialUpdate":true,"showSkybox":true,"showFlares":true,"showImageEffects":true,"showParticleSystems":true,"showVisualEffectGraphs":true,"m_FxEnabled":true},"in2DMode":false,"pivot":{"x":-0.2457667589187622,"y":-9.091426849365235,"z":9.272604942321778},"rotation":{"x":-0.21747292578220368,"y":0.02693221904337406,"z":-0.006003133486956358,"w":-0.9756748080253601},"size":49.016868591308597,"orthographic":false}