{"cameraMode":{"drawMode":0,"name":"Shaded","section":"Shading Mode"},"sceneLighting":true,"audioPlay":false,"sceneViewState":{"showFog":true,"showMaterialUpdate":true,"showSkybox":true,"showFlares":true,"showImageEffects":true,"showParticleSystems":true,"showVisualEffectGraphs":true,"m_FxEnabled":true},"in2DMode":false,"pivot":{"x":35.3182373046875,"y":-41.777740478515628,"z":58.422218322753909},"rotation":{"x":0.4249339699745178,"y":0.0054312823340296749,"z":-0.0025497516617178919,"w":0.905202329158783},"size":78.15060424804688,"orthographic":false}