{"cameraMode":{"drawMode":0,"name":"Shaded","section":"Shading Mode"},"sceneLighting":true,"audioPlay":false,"sceneViewState":{"showFog":true,"showMaterialUpdate":true,"showSkybox":true,"showFlares":true,"showImageEffects":true,"showParticleSystems":true,"showVisualEffectGraphs":true,"m_FxEnabled":true},"in2DMode":false,"pivot":{"x":31.224292755126954,"y":-28.930675506591798,"z":39.95293426513672},"rotation":{"x":0.3559000790119171,"y":0.009812143631279469,"z":-0.003737199120223522,"w":0.9344650506973267},"size":42.23980712890625,"orthographic":true}